projects,slice,psnr-rec-#1,ssim-rec-#1,mse-rec-#1,psnr-rec-#2,ssim-rec-#2,mse-rec-#2
mcVFA-af8-simple-CGSENSE,0,24.62793757080016,0.6125604991736822,1.105185447158874e-06,27.94305961164362,0.7727395508115887,2.68498524746974e-06
mcVFA-af8-simple-CGSENSE,1,24.694407447728253,0.6172890770375974,1.0883991308219265e-06,28.198946186152657,0.776957146230042,2.5313561309303623e-06
mcVFA-af8-simple-CGSENSE,2,24.507028108541906,0.6152054357692568,1.136386572397896e-06,28.064136319005023,0.7737554112517834,2.6111642910109367e-06
mcVFA-af8-simple-CGSENSE,3,24.15571059830522,0.6119370841272153,1.2321337408138788e-06,27.683591057618663,0.7692555438943506,2.8502879558800487e-06
mcVFA-af8-simple-CGSENSE,4,24.123946468428862,0.6129153227386269,1.2411785519361729e-06,27.533281970829222,0.7692831135780476,2.9506632017728407e-06
mcVFA-af8-simple-CGSENSE,5,24.197162119761074,0.6090427207447328,1.2204295671836007e-06,27.46330644590666,0.7680914375189691,2.9985908440721687e-06
mcVFA-af8-simple-CGSENSE,6,24.510814543047907,0.6089850664486084,1.135396246354503e-06,27.618245401951576,0.7747686975440383,2.893498731282307e-06
mcVFA-af8-simple-CGSENSE,7,24.716962145064233,0.6167522994392687,1.0827612868524739e-06,27.737966708094305,0.7829536378640178,2.8148238016001415e-06
mcVFA-af8-simple-CGSENSE,8,24.701682034159415,0.6132697566904984,1.0865776403079508e-06,27.633821557606314,0.7808845454221964,2.8831398140027886e-06
mcVFA-af8-simple-CGSENSE,9,24.7995683388545,0.6123896566732573,1.062360979631194e-06,27.578283993077733,0.7806398177290782,2.920246060966747e-06
mcVFA-af8-simple-CGSENSE,10,24.77026441384199,0.6076712687419187,1.0695534911064897e-06,27.765058258225043,0.7800527151896041,2.7973192118224688e-06
mcVFA-af8-simple-CGSENSE,11,24.672780201502093,0.6053364987470242,1.0938326795439934e-06,27.79010759808112,0.7779994879813791,2.7812311600428075e-06
mcVFA-af8-simple-CGSENSE,12,24.727788576948086,0.6067512803660556,1.0800654308695812e-06,27.760858646317743,0.7772053646765947,2.800025413307594e-06
mcVFA-af8-simple-CGSENSE,13,24.755472496609173,0.6049393588817212,1.0732024975368404e-06,27.639237869743475,0.7745992035966516,2.8795461730624083e-06
mcVFA-af8-simple-CGSENSE,14,24.61426972776621,0.6020207350145336,1.1086691529271775e-06,27.67133948127235,0.775276730156064,2.8583401672221953e-06
mcVFA-af8-simple-CGSENSE,15,24.621499355847632,0.5987683353372524,1.1068250387324952e-06,27.67917316741184,0.7720062379388809,2.853189016605029e-06
mcVFA-af8-simple-CGSENSE,16,24.680922021710465,0.5978513411104605,1.0917839290414122e-06,27.660714992230766,0.7652311165094674,2.865341230062768e-06
mcVFA-af8-simple-CGSENSE,17,24.549200274711552,0.5899388157237068,1.1254051059950143e-06,27.62761026356766,0.7609592296923697,2.8872661914647324e-06
mcVFA-af8-simple-CGSENSE,18,24.51827694673176,0.5924621850247048,1.133447085521766e-06,27.73656704626412,0.7624372792398035,2.81573102256516e-06
mcVFA-af8-simple-CGSENSE,19,24.533587097661197,0.589331010040442,1.129458382820303e-06,27.76479202992939,0.762307657915324,2.797490651573753e-06
mcVFA-af8-simple-CGSENSE,20,24.559959983368714,0.5917557283885763,1.122620460591861e-06,27.667482204957125,0.7611419162201285,2.860879931176896e-06
mcVFA-af8-simple-CGSENSE,21,24.535736457783127,0.5920049895272295,1.1288996120129013e-06,27.577954796515506,0.7616866504217983,2.9204675229266286e-06
mcVFA-af8-simple-CGSENSE,22,24.455226650463985,0.5892414695862628,1.1500222854010644e-06,27.481081338372203,0.7594732030150593,2.9863431336707436e-06
mcVFA-af8-simple-CGSENSE,23,24.43919473385671,0.5877438076904595,1.1542754236870678e-06,27.46458848897179,0.7564432897414565,2.997705678353668e-06
mcVFA-af8-simple-CGSENSE,24,24.392331533148184,0.5865868790197931,1.166798369922617e-06,27.491973137946935,0.7599010923524498,2.9788627671223367e-06
mcVFA-af8-simple-CGSENSE,25,24.439807749909107,0.59157520093015,1.1541125104486127e-06,27.32415598466322,0.7587631473205686,3.096223281318089e-06
mcVFA-af8-simple-CGSENSE,26,24.35252362219358,0.590296279395639,1.177542458208336e-06,27.26716623642354,0.7590207166661433,3.1371205295727123e-06
mcVFA-af8-simple-CGSENSE,27,24.419461807801945,0.5908552221431744,1.15953207568964e-06,27.2694357721571,0.7599183652164936,3.1354816201201174e-06
mcVFA-af8-simple-CGSENSE,28,24.423619561402916,0.5916912741787247,1.158422492153477e-06,27.340415382564146,0.7625809194537551,3.084652689722134e-06
mcVFA-af8-simple-CGSENSE,29,24.404146701624082,0.5900119798499622,1.1636282124527497e-06,27.376373481923043,0.7639286870667339,3.0592184430133784e-06
mcVFA-af8-simple-CGSENSE,30,24.496658481793617,0.5920870192779284,1.1391032330720918e-06,27.436267780778486,0.7676014225073456,3.0173180221026996e-06
mcVFA-af8-simple-CGSENSE,31,24.476367445209522,0.5912920583485206,1.1444377605585032e-06,27.363100095107818,0.7664260559954643,3.068582827836508e-06
mcVFA-af8-simple-CGSENSE,32,24.439667303779366,0.5908175410927888,1.1541499134182232e-06,27.292770412034617,0.7639110447508692,3.11867984237324e-06
mcVFA-af8-simple-CGSENSE,33,24.472933252533128,0.5909608626187751,1.1453430488472804e-06,27.33192361015018,0.7635960928791762,3.090690142926178e-06
mcVFA-af8-simple-CGSENSE,34,24.497425510066037,0.5908638270064923,1.1389020073693246e-06,27.379035551038978,0.763847472274363,3.0573439744330244e-06
mcVFA-af8-simple-CGSENSE,35,24.58200278360261,0.5925335719920748,1.1169369145136443e-06,27.373860033443762,0.7634540435438156,3.0609894565714058e-06
mcVFA-af8-simple-CGSENSE,36,24.59665799441558,0.5929334295927137,1.113174221245572e-06,27.302786830179585,0.7628733251725435,3.11149551635026e-06
mcVFA-af8-simple-CGSENSE,37,24.565916071424144,0.5942808926853043,1.1210818229301367e-06,27.283790014378695,0.7616732637357712,3.1251356631400995e-06
mcVFA-af8-simple-CGSENSE,38,24.671040350494614,0.596909324969488,1.094271055990248e-06,27.358883564664424,0.7623499892254472,3.0715634693478933e-06
mcVFA-af8-simple-CGSENSE,39,24.794268432868947,0.5959403562889471,1.0636581464495976e-06,27.379605923947533,0.7611188144560457,3.0569424325221917e-06
mcVFA-af8-simple-CGSENSE,40,24.84342361649841,0.5965450424892456,1.0516871498111868e-06,27.325573966103384,0.7592487438331247,3.0952123779570684e-06
mcVFA-af8-simple-CGSENSE,41,24.769282426648054,0.5977460312688164,1.0697953030103236e-06,27.39772499625856,0.7638383653097153,3.0442151910392568e-06
mcVFA-af8-simple-CGSENSE,42,24.7116177529588,0.6000356784968306,1.0840944923984352e-06,27.244031185508845,0.7642207195604444,3.1538770599581767e-06
mcVFA-af8-simple-CGSENSE,43,24.83041021939784,0.6018330450067916,1.0548430964263389e-06,27.22153186830028,0.7625028634671569,3.1702584237791598e-06
mcVFA-af8-simple-CGSENSE,44,24.927646194401845,0.6014089996512803,1.0314882956663496e-06,27.271779277488697,0.7589962969183326,3.1337901873484952e-06
mcVFA-af8-simple-CGSENSE,45,24.960666066329825,0.6009442292401567,1.0236755088044447e-06,27.369039174807046,0.7595211709701419,3.0643893751403084e-06
mcVFA-af8-simple-CGSENSE,46,25.001668703113964,0.6018164265381191,1.0140562380911433e-06,27.330992260275412,0.757709714206934,3.091353391937446e-06
mcVFA-af8-simple-CGSENSE,47,25.021704417445648,0.6016113184985458,1.0093888249684824e-06,27.46002782129178,0.7592256982280612,3.0008554858795833e-06
mcVFA-af8-simple-CGSENSE,48,25.023979401888692,0.5995488308805099,1.0088601811730769e-06,27.414474798979178,0.7587411626476646,3.0324968065542635e-06
mcVFA-af8-simple-CGSENSE,49,25.110255766018227,0.603987621855441,9.89016029961931e-07,27.52870171946543,0.7581962530221045,2.9537768568843603e-06
mcVFA-af8-simple-CGSENSE,50,25.02085862815258,0.6001034882543925,1.0095855031977408e-06,27.65667102849308,0.7589971293289661,2.8680105970124714e-06
mcVFA-af8-simple-CGSENSE,51,24.956049852852793,0.5975928876911215,1.0247641739624669e-06,27.783926585534182,0.757730338952899,2.7851924642163794e-06
mcVFA-af8-simple-CGSENSE,52,25.144012226370172,0.6060196135249901,9.813586530071916e-07,27.92386715846188,0.7609496500657201,2.696876890695421e-06
mcVFA-af8-simple-CGSENSE,53,25.035931593217356,0.6032565663098991,1.0060874728878844e-06,28.087123537055746,0.7607921685529351,2.5973799893108662e-06
mcVFA-af8-simple-CGSENSE,54,25.11895640574349,0.6120619494768568,9.8703662843036e-07,28.254992414270852,0.7665429082090854,2.498898538760841e-06
mcVFA-af8-simple-CGSENSE,55,25.13423223672615,0.6133268183733142,9.835709988692543e-07,28.175045142940473,0.7613004632059336,2.5453255148022436e-06
mcVFA-af8-simple-CGSENSE,56,25.13449284713596,0.6137833965545949,9.83511881713639e-07,28.18453702809557,0.7635810501174927,2.539768502174411e-06
mcVFA-af8-simple-CGSENSE,57,25.138256238594685,0.6153524284636565,9.82660026238591e-07,28.089501608270663,0.7651923121733666,2.5959579943446442e-06
mcVFA-af8-simple-CGSENSE,58,25.13131028283243,0.6183338868739121,9.842328836384695e-07,28.013838446406307,0.7674466408096552,2.6415814318170305e-06
mcVFA-af8-simple-CGSENSE,59,25.15289403548392,0.6191877039901884,9.793536719371332e-07,27.945778168861626,0.7684988745288849,2.6833049560082145e-06
mcVFA-af8-simple-CGSENSE,60,25.097368358961525,0.6173129931662231,9.91955175777548e-07,27.82824031005216,0.7696449217460155,2.7569178655539872e-06
mcVFA-af8-simple-CGSENSE,61,25.35675656932274,0.6299471148623675,9.344439604319632e-07,27.785016106016855,0.7775716363617777,2.784493517538067e-06
mcVFA-af8-simple-CGSENSE,62,25.35827319806824,0.6310427023365817,9.34117736051121e-07,27.701216057256012,0.7770998453754783,2.838744194377796e-06
mcVFA-af8-simple-CGSENSE,63,25.530195024385186,0.6400560048640743,8.97861639259645e-07,28.04413310371615,0.7928516789867878,2.6232189611619106e-06
mcVFA-af8-simple-CGSENSE,64,25.51335906092174,0.6433563819866711,9.013490966935933e-07,28.02091003991187,0.791827013761051,2.6372836146038026e-06
mcVFA-af8-simple-CGSENSE,65,25.491230243011827,0.6417797125683441,9.059534704647376e-07,27.90663863919918,0.7889446209743023,2.7075966499978676e-06
mcVFA-af8-simple-CGSENSE,66,25.444986478402896,0.6438316649525525,9.156516398434178e-07,27.79161641056854,0.7879957076188326,2.780265049295849e-06
mcVFA-af8-simple-CGSENSE,67,25.566452653036855,0.656003717348695,8.903969046514248e-07,27.945967864892918,0.7997928745208979,2.6831878585653612e-06
mcVFA-af8-simple-CGSENSE,68,25.47986125594874,0.6562299433703507,9.083281611310667e-07,27.87035017185222,0.800623803855449,2.7303153729008045e-06
mcVFA-af8-simple-CGSENSE,69,25.595489868885615,0.6576026953410424,8.844635317473148e-07,27.84040201126507,0.802427630698204,2.7492083063407335e-06
mcVFA-af8-simple-CGSENSE,70,24.62793757080016,0.6125604991736822,1.105185447158874e-06,27.94305961164362,0.7727395508115887,2.68498524746974e-06
mcVFA-af8-simple-CGSENSE,71,24.694407447728253,0.6172890770375974,1.0883991308219265e-06,28.198946186152657,0.776957146230042,2.5313561309303623e-06
mcVFA-af8-simple-CGSENSE,72,24.507028108541906,0.6152054357692568,1.136386572397896e-06,28.064136319005023,0.7737554112517834,2.6111642910109367e-06
mcVFA-af8-simple-CGSENSE,73,24.15571059830522,0.6119370841272153,1.2321337408138788e-06,27.683591057618663,0.7692555438943506,2.8502879558800487e-06
mcVFA-af8-simple-CGSENSE,74,24.123946468428862,0.6129153227386269,1.2411785519361729e-06,27.533281970829222,0.7692831135780476,2.9506632017728407e-06
mcVFA-af8-simple-CGSENSE,75,24.197162119761074,0.6090427207447328,1.2204295671836007e-06,27.46330644590666,0.7680914375189691,2.9985908440721687e-06
mcVFA-af8-simple-CGSENSE,76,24.510814543047907,0.6089850664486084,1.135396246354503e-06,27.618245401951576,0.7747686975440383,2.893498731282307e-06
mcVFA-af8-simple-CGSENSE,77,24.716962145064233,0.6167522994392687,1.0827612868524739e-06,27.737966708094305,0.7829536378640178,2.8148238016001415e-06
mcVFA-af8-simple-CGSENSE,78,24.701682034159415,0.6132697566904984,1.0865776403079508e-06,27.633821557606314,0.7808845454221964,2.8831398140027886e-06
mcVFA-af8-simple-CGSENSE,79,24.7995683388545,0.6123896566732573,1.062360979631194e-06,27.578283993077733,0.7806398177290782,2.920246060966747e-06
mcVFA-af8-simple-CGSENSE,80,24.77026441384199,0.6076712687419187,1.0695534911064897e-06,27.765058258225043,0.7800527151896041,2.7973192118224688e-06
mcVFA-af8-simple-CGSENSE,81,24.672780201502093,0.6053364987470242,1.0938326795439934e-06,27.79010759808112,0.7779994879813791,2.7812311600428075e-06
mcVFA-af8-simple-CGSENSE,82,24.727788576948086,0.6067512803660556,1.0800654308695812e-06,27.760858646317743,0.7772053646765947,2.800025413307594e-06
mcVFA-af8-simple-CGSENSE,83,24.755472496609173,0.6049393588817212,1.0732024975368404e-06,27.639237869743475,0.7745992035966516,2.8795461730624083e-06
mcVFA-af8-simple-CGSENSE,84,24.61426972776621,0.6020207350145336,1.1086691529271775e-06,27.67133948127235,0.775276730156064,2.8583401672221953e-06
mcVFA-af8-simple-CGSENSE,85,24.621499355847632,0.5987683353372524,1.1068250387324952e-06,27.67917316741184,0.7720062379388809,2.853189016605029e-06
mcVFA-af8-simple-CGSENSE,86,24.680922021710465,0.5978513411104605,1.0917839290414122e-06,27.660714992230766,0.7652311165094674,2.865341230062768e-06
mcVFA-af8-simple-CGSENSE,87,24.549200274711552,0.5899388157237068,1.1254051059950143e-06,27.62761026356766,0.7609592296923697,2.8872661914647324e-06
mcVFA-af8-simple-CGSENSE,88,24.51827694673176,0.5924621850247048,1.133447085521766e-06,27.73656704626412,0.7624372792398035,2.81573102256516e-06
mcVFA-af8-simple-CGSENSE,89,24.533587097661197,0.589331010040442,1.129458382820303e-06,27.76479202992939,0.762307657915324,2.797490651573753e-06
mcVFA-af8-simple-CGSENSE,90,24.559959983368714,0.5917557283885763,1.122620460591861e-06,27.667482204957125,0.7611419162201285,2.860879931176896e-06
mcVFA-af8-simple-CGSENSE,91,24.535736457783127,0.5920049895272295,1.1288996120129013e-06,27.577954796515506,0.7616866504217983,2.9204675229266286e-06
mcVFA-af8-simple-CGSENSE,92,24.455226650463985,0.5892414695862628,1.1500222854010644e-06,27.481081338372203,0.7594732030150593,2.9863431336707436e-06
mcVFA-af8-simple-CGSENSE,93,24.43919473385671,0.5877438076904595,1.1542754236870678e-06,27.46458848897179,0.7564432897414565,2.997705678353668e-06
mcVFA-af8-simple-CGSENSE,94,24.392331533148184,0.5865868790197931,1.166798369922617e-06,27.491973137946935,0.7599010923524498,2.9788627671223367e-06
mcVFA-af8-simple-CGSENSE,95,24.439807749909107,0.59157520093015,1.1541125104486127e-06,27.32415598466322,0.7587631473205686,3.096223281318089e-06
mcVFA-af8-simple-CGSENSE,96,24.35252362219358,0.590296279395639,1.177542458208336e-06,27.26716623642354,0.7590207166661433,3.1371205295727123e-06
mcVFA-af8-simple-CGSENSE,97,24.419461807801945,0.5908552221431744,1.15953207568964e-06,27.2694357721571,0.7599183652164936,3.1354816201201174e-06
mcVFA-af8-simple-CGSENSE,98,24.423619561402916,0.5916912741787247,1.158422492153477e-06,27.340415382564146,0.7625809194537551,3.084652689722134e-06
mcVFA-af8-simple-CGSENSE,99,24.404146701624082,0.5900119798499622,1.1636282124527497e-06,27.376373481923043,0.7639286870667339,3.0592184430133784e-06
mcVFA-af8-simple-CGSENSE,100,24.496658481793617,0.5920870192779284,1.1391032330720918e-06,27.436267780778486,0.7676014225073456,3.0173180221026996e-06
mcVFA-af8-simple-CGSENSE,101,24.476367445209522,0.5912920583485206,1.1444377605585032e-06,27.363100095107818,0.7664260559954643,3.068582827836508e-06
mcVFA-af8-simple-CGSENSE,102,24.439667303779366,0.5908175410927888,1.1541499134182232e-06,27.292770412034617,0.7639110447508692,3.11867984237324e-06
mcVFA-af8-simple-CGSENSE,103,24.472933252533128,0.5909608626187751,1.1453430488472804e-06,27.33192361015018,0.7635960928791762,3.090690142926178e-06
mcVFA-af8-simple-CGSENSE,104,24.497425510066037,0.5908638270064923,1.1389020073693246e-06,27.379035551038978,0.763847472274363,3.0573439744330244e-06
mcVFA-af8-simple-CGSENSE,105,24.58200278360261,0.5925335719920748,1.1169369145136443e-06,27.373860033443762,0.7634540435438156,3.0609894565714058e-06
mcVFA-af8-simple-CGSENSE,106,24.59665799441558,0.5929334295927137,1.113174221245572e-06,27.302786830179585,0.7628733251725435,3.11149551635026e-06
mcVFA-af8-simple-CGSENSE,107,24.565916071424144,0.5942808926853043,1.1210818229301367e-06,27.283790014378695,0.7616732637357712,3.1251356631400995e-06
mcVFA-af8-simple-CGSENSE,108,24.671040350494614,0.596909324969488,1.094271055990248e-06,27.358883564664424,0.7623499892254472,3.0715634693478933e-06
mcVFA-af8-simple-CGSENSE,109,24.794268432868947,0.5959403562889471,1.0636581464495976e-06,27.379605923947533,0.7611188144560457,3.0569424325221917e-06
mcVFA-af8-simple-CGSENSE,110,24.84342361649841,0.5965450424892456,1.0516871498111868e-06,27.325573966103384,0.7592487438331247,3.0952123779570684e-06
mcVFA-af8-simple-CGSENSE,111,24.769282426648054,0.5977460312688164,1.0697953030103236e-06,27.39772499625856,0.7638383653097153,3.0442151910392568e-06
mcVFA-af8-simple-CGSENSE,112,24.7116177529588,0.6000356784968306,1.0840944923984352e-06,27.244031185508845,0.7642207195604444,3.1538770599581767e-06
mcVFA-af8-simple-CGSENSE,113,24.83041021939784,0.6018330450067916,1.0548430964263389e-06,27.22153186830028,0.7625028634671569,3.1702584237791598e-06
mcVFA-af8-simple-CGSENSE,114,24.927646194401845,0.6014089996512803,1.0314882956663496e-06,27.271779277488697,0.7589962969183326,3.1337901873484952e-06
mcVFA-af8-simple-CGSENSE,115,24.960666066329825,0.6009442292401567,1.0236755088044447e-06,27.369039174807046,0.7595211709701419,3.0643893751403084e-06
mcVFA-af8-simple-CGSENSE,116,25.001668703113964,0.6018164265381191,1.0140562380911433e-06,27.330992260275412,0.757709714206934,3.091353391937446e-06
mcVFA-af8-simple-CGSENSE,117,25.021704417445648,0.6016113184985458,1.0093888249684824e-06,27.46002782129178,0.7592256982280612,3.0008554858795833e-06
mcVFA-af8-simple-CGSENSE,118,25.023979401888692,0.5995488308805099,1.0088601811730769e-06,27.414474798979178,0.7587411626476646,3.0324968065542635e-06
mcVFA-af8-simple-CGSENSE,119,25.110255766018227,0.603987621855441,9.89016029961931e-07,27.52870171946543,0.7581962530221045,2.9537768568843603e-06
mcVFA-af8-simple-CGSENSE,120,25.02085862815258,0.6001034882543925,1.0095855031977408e-06,27.65667102849308,0.7589971293289661,2.8680105970124714e-06
mcVFA-af8-simple-CGSENSE,121,24.956049852852793,0.5975928876911215,1.0247641739624669e-06,27.783926585534182,0.757730338952899,2.7851924642163794e-06
mcVFA-af8-simple-CGSENSE,122,25.144012226370172,0.6060196135249901,9.813586530071916e-07,27.92386715846188,0.7609496500657201,2.696876890695421e-06
mcVFA-af8-simple-CGSENSE,123,25.035931593217356,0.6032565663098991,1.0060874728878844e-06,28.087123537055746,0.7607921685529351,2.5973799893108662e-06
mcVFA-af8-simple-CGSENSE,124,25.11895640574349,0.6120619494768568,9.8703662843036e-07,28.254992414270852,0.7665429082090854,2.498898538760841e-06
mcVFA-af8-simple-CGSENSE,125,25.13423223672615,0.6133268183733142,9.835709988692543e-07,28.175045142940473,0.7613004632059336,2.5453255148022436e-06
mcVFA-af8-simple-CGSENSE,126,25.13449284713596,0.6137833965545949,9.83511881713639e-07,28.18453702809557,0.7635810501174927,2.539768502174411e-06
mcVFA-af8-simple-CGSENSE,127,25.138256238594685,0.6153524284636565,9.82660026238591e-07,28.089501608270663,0.7651923121733666,2.5959579943446442e-06
mcVFA-af8-simple-CGSENSE,128,25.13131028283243,0.6183338868739121,9.842328836384695e-07,28.013838446406307,0.7674466408096552,2.6415814318170305e-06
mcVFA-af8-simple-CGSENSE,129,25.15289403548392,0.6191877039901884,9.793536719371332e-07,27.945778168861626,0.7684988745288849,2.6833049560082145e-06
mcVFA-af8-simple-CGSENSE,130,25.097368358961525,0.6173129931662231,9.91955175777548e-07,27.82824031005216,0.7696449217460155,2.7569178655539872e-06
mcVFA-af8-simple-CGSENSE,131,25.35675656932274,0.6299471148623675,9.344439604319632e-07,27.785016106016855,0.7775716363617777,2.784493517538067e-06
mcVFA-af8-simple-CGSENSE,132,25.35827319806824,0.6310427023365817,9.34117736051121e-07,27.701216057256012,0.7770998453754783,2.838744194377796e-06
mcVFA-af8-simple-CGSENSE,133,25.530195024385186,0.6400560048640743,8.97861639259645e-07,28.04413310371615,0.7928516789867878,2.6232189611619106e-06
mcVFA-af8-simple-CGSENSE,134,25.51335906092174,0.6433563819866711,9.013490966935933e-07,28.02091003991187,0.791827013761051,2.6372836146038026e-06
mcVFA-af8-simple-CGSENSE,135,25.491230243011827,0.6417797125683441,9.059534704647376e-07,27.90663863919918,0.7889446209743023,2.7075966499978676e-06
mcVFA-af8-simple-CGSENSE,136,25.444986478402896,0.6438316649525525,9.156516398434178e-07,27.79161641056854,0.7879957076188326,2.780265049295849e-06
mcVFA-af8-simple-CGSENSE,137,25.566452653036855,0.656003717348695,8.903969046514248e-07,27.945967864892918,0.7997928745208979,2.6831878585653612e-06
mcVFA-af8-simple-CGSENSE,138,25.47986125594874,0.6562299433703507,9.083281611310667e-07,27.87035017185222,0.800623803855449,2.7303153729008045e-06
mcVFA-af8-simple-CGSENSE,139,25.595489868885615,0.6576026953410424,8.844635317473148e-07,27.84040201126507,0.802427630698204,2.7492083063407335e-06
mcVFA-af8-simple-SL,0,41.88054720809519,0.9836393838090897,2.0805311251592684e-08,46.550991072840304,0.9960443599214553,3.699548756230797e-08
mcVFA-af8-simple-SL,1,42.0964896392005,0.9839241969070435,1.9796114969494738e-08,46.564590683645164,0.9958419382858277,3.6879818310353585e-08
mcVFA-af8-simple-SL,2,42.208279739612635,0.983992135225296,1.9293052488933427e-08,46.71018758055048,0.9961002733583451,3.5663923370066186e-08
mcVFA-af8-simple-SL,3,42.226326583782324,0.9846638380947113,1.9213048929600518e-08,46.55583910756605,0.9962668734140396,3.695421213478767e-08
mcVFA-af8-simple-SL,4,42.17446851227231,0.9845751985473633,1.9443842091959596e-08,46.59208746349101,0.9965516065559388,3.664705516825961e-08
mcVFA-af8-simple-SL,5,42.31785864179409,0.9847849586601257,1.8812350788266485e-08,46.636199248370474,0.9965847960577011,3.627670963624041e-08
mcVFA-af8-simple-SL,6,42.50517991036139,0.9843766584711074,1.80181807252211e-08,46.60320722370096,0.9964622604160309,3.655334523955389e-08
mcVFA-af8-simple-SL,7,42.65710425186727,0.9847298102874756,1.739876864803591e-08,46.744905132305774,0.9964106287593841,3.537996207114702e-08
mcVFA-af8-simple-SL,8,42.47737964892068,0.9840964225378036,1.8133889057025954e-08,46.524211012617805,0.9961340989236832,3.722431785035951e-08
mcVFA-af8-simple-SL,9,42.485520392232885,0.9839557293643951,1.809993044332714e-08,46.36477787423689,0.9962052279500961,3.8616246200717796e-08
mcVFA-af8-simple-SL,10,42.658876916818905,0.9841823263120651,1.739166677339199e-08,46.457583633741216,0.9960893796482087,3.779980062290633e-08
mcVFA-af8-simple-SL,11,42.594322111784,0.9837669800643921,1.7652114436828015e-08,46.408966413230445,0.9957776631889343,3.822532690378466e-08
mcVFA-af8-simple-SL,12,42.692005375210805,0.9835609326677323,1.725950582454061e-08,46.30129093529306,0.9957360639858246,3.918490065757396e-08
mcVFA-af8-simple-SL,13,42.591350338305006,0.983548348692894,1.7664197216049615e-08,46.30896025176665,0.9956781436300278,3.911576840209818e-08
mcVFA-af8-simple-SL,14,42.64781953068899,0.9837321196460724,1.743600464010342e-08,46.2644710408196,0.9956953553714752,3.951852534100908e-08
mcVFA-af8-simple-SL,15,42.54722124801128,0.9833442952337265,1.7844598687588586e-08,46.21999727151912,0.9953314689207077,3.9925293293663344e-08
mcVFA-af8-simple-SL,16,42.629094605895276,0.9831014443883895,1.7511343486376063e-08,46.582319362356856,0.995508887008667,3.672957404887711e-08
mcVFA-af8-simple-SL,17,42.6191380577243,0.9826766987438202,1.7551535336224333e-08,46.536260147559794,0.9952307450361252,3.712118257226393e-08
mcVFA-af8-simple-SL,18,42.57801618917155,0.9826760525121688,1.7718512879127957e-08,46.3973486405359,0.9953206652851104,3.832771966472137e-08
mcVFA-af8-simple-SL,19,42.662506153193476,0.9825222401247025,1.7377139727159374e-08,46.52837657499789,0.9953557014541626,3.718863084145596e-08
mcVFA-af8-simple-SL,20,42.61472526847389,0.9827388070144654,1.756937884067611e-08,46.41660491381624,0.99527015122509,3.815815574625958e-08
mcVFA-af8-simple-SL,21,42.63930990916649,0.9829132237501145,1.7470203061975553e-08,46.55359934267217,0.9954665737552643,3.697327244367443e-08
mcVFA-af8-simple-SL,22,42.58691414057962,0.982492699935913,1.76822485542516e-08,46.336949830366706,0.9953423601236343,3.8864477858169266e-08
mcVFA-af8-simple-SL,23,42.62081386992826,0.9828221729040146,1.754476386395254e-08,46.39242182877962,0.9952623771219253,3.8371222643718284e-08
mcVFA-af8-simple-SL,24,42.618371673019396,0.982335566945076,1.7554633302552247e-08,46.52126474896912,0.9951450638885498,3.724958119732946e-08
mcVFA-af8-simple-SL,25,42.6782407918602,0.9826361775770187,1.7314295774895072e-08,46.550481644038385,0.9952806388998031,3.6999828978423466e-08
mcVFA-af8-simple-SL,26,42.692222012450586,0.9829218968286514,1.725864606783034e-08,46.59273949237517,0.9954651256465912,3.664155912019851e-08
mcVFA-af8-simple-SL,27,42.538994410962104,0.9821613426065445,1.7878434732665482e-08,46.66762156204257,0.9954001783981323,3.601518727691655e-08
mcVFA-af8-simple-SL,28,42.694705610101956,0.9828199116315842,1.7248778405587473e-08,46.52371775120183,0.9955348737211227,3.7228545579637284e-08
mcVFA-af8-simple-SL,29,42.82106647152431,0.9828991226320267,1.6754144738229115e-08,46.72589715476568,0.9958462761096954,3.5535148157350704e-08
mcVFA-af8-simple-SL,30,42.86882138450931,0.9829076533470154,1.6570925964742855e-08,46.51784210720013,0.9955777331457139,3.727894437588475e-08
mcVFA-af8-simple-SL,31,42.8208899725409,0.9831619358530045,1.6754826859255445e-08,46.70613252358284,0.995672166478157,3.569723361351862e-08
mcVFA-af8-simple-SL,32,42.88672261392598,0.9828981258134842,1.650276360010139e-08,46.64679248374962,0.9956600554437637,3.618833233076657e-08
mcVFA-af8-simple-SL,33,42.910083676969116,0.9830185068006515,1.641423175158252e-08,46.88104951870856,0.995839683054924,3.428805683824976e-08
mcVFA-af8-simple-SL,34,42.88926137665829,0.9832190444822312,1.6493117982463446e-08,46.822948147130894,0.9958014440431595,3.474985987850232e-08
mcVFA-af8-simple-SL,35,42.906500552633055,0.983390031785965,1.6427780025196626e-08,46.73103183271533,0.9958272571678162,3.549315863438096e-08
mcVFA-af8-simple-SL,36,42.92858972826933,0.984118912396431,1.6344436915005645e-08,46.98247058183733,0.9962100383634567,3.3496604601168656e-08
mcVFA-af8-simple-SL,37,42.901965865880946,0.9840073795995712,1.644494318497891e-08,46.93275469572426,0.9962476248874664,3.3882262329143487e-08
mcVFA-af8-simple-SL,38,42.92027712836081,0.9839377730941773,1.6375750533370592e-08,46.78884189447744,0.9962314141931534,3.502383449927038e-08
mcVFA-af8-simple-SL,39,43.011949764985495,0.9841459705877305,1.6033705918516716e-08,46.943040271462515,0.9963715720281601,3.380210955583607e-08
mcVFA-af8-simple-SL,40,43.04020470456337,0.9836962732753753,1.592973219999294e-08,47.046123185590396,0.9960750533103943,3.3009239785997124e-08
mcVFA-af8-simple-SL,41,42.60743449538924,0.9835876652202606,1.7598898338633262e-08,46.803464532769105,0.9960004544420242,3.4906108226095967e-08
mcVFA-af8-simple-SL,42,42.54918837004776,0.9834619959850311,1.7836519816682994e-08,46.58732146919764,0.9957839124603272,3.6687296756099386e-08
mcVFA-af8-simple-SL,43,42.406336815748304,0.9831792681512833,1.8432967152648416e-08,46.605742636232776,0.9957574775257111,3.6532011193912695e-08
mcVFA-af8-simple-SL,44,42.65976890999744,0.9833062700395584,1.7388096296144795e-08,46.91292843964589,0.9957728620471954,3.4037288543231625e-08
mcVFA-af8-simple-SL,45,42.80409341817523,0.9835765836553574,1.6819750925378685e-08,46.813247713598194,0.995801864235878,3.4827561279371366e-08
mcVFA-af8-simple-SL,46,42.86146126865141,0.9835858440570832,1.6599033259012685e-08,47.21929845634467,0.9959360835285187,3.1718890625143104e-08
mcVFA-af8-simple-SL,47,43.009234523034635,0.9835279320354462,1.604373522923197e-08,47.15393601591316,0.995972653008461,3.219987831926119e-08
mcVFA-af8-simple-SL,48,42.99452255929345,0.9838898762445449,1.609817701364591e-08,47.31209873771354,0.9962413221874237,3.104830881284215e-08
mcVFA-af8-simple-SL,49,43.05583792371664,0.9839926209440232,1.5872490877200107e-08,47.22806417588156,0.9962321190958023,3.165493467349734e-08
mcVFA-af8-simple-SL,50,43.2307387970436,0.9842342713365555,1.524596981994364e-08,47.46269517910402,0.9962114427108765,2.9990125938184065e-08
mcVFA-af8-simple-SL,51,43.11894544313787,0.9840735983467102,1.5643514927887736e-08,47.565589287577616,0.9962828440732956,2.928794451406702e-08
mcVFA-af8-simple-SL,52,43.174493565885506,0.9840618292274476,1.544470151770838e-08,47.62046627424893,0.9960377183904647,2.8920196015747024e-08
mcVFA-af8-simple-SL,53,43.30419459461011,0.9837841583900452,1.499027035833933e-08,47.832372871279844,0.9956715465764999,2.754295636009374e-08
mcVFA-af8-simple-SL,54,43.30008463116377,0.9841217234706878,1.500446344948614e-08,47.81295731062582,0.9958546258592605,2.7666365198797394e-08
mcVFA-af8-simple-SL,55,43.18664224081735,0.9842860448074341,1.5401557362793028e-08,47.803545908012914,0.9960054434823989,2.772638474368705e-08
mcVFA-af8-simple-SL,56,43.24882959984144,0.9844491823968887,1.5182592960627517e-08,47.823800622869996,0.995959351234436,2.7597376828225606e-08
mcVFA-af8-simple-SL,57,43.354369565893975,0.984869182644844,1.4818081872647326e-08,47.70168551207722,0.9960494778270721,2.8384370409639814e-08
mcVFA-af8-simple-SL,58,43.37547477330812,0.9850066526107788,1.474624511388356e-08,47.724013220574236,0.9962203071336746,2.8238817506576197e-08
mcVFA-af8-simple-SL,59,43.307489628104165,0.9854290815763473,1.497890167456717e-08,47.68032510138429,0.9964125424261093,2.8524322459588802e-08
mcVFA-af8-simple-SL,60,43.385750819698345,0.9855943747024536,1.4711394769051367e-08,47.45483518431337,0.996391630473137,3.004445403576028e-08
mcVFA-af8-simple-SL,61,43.32055844548017,0.9855549751110076,1.4933895897684124e-08,47.469949942001854,0.9962301678733826,2.9940071755163444e-08
mcVFA-af8-simple-SL,62,43.329310901219316,0.9855421104764939,1.4903827505463596e-08,47.502639966529586,0.9962020742664337,2.9715554461517968e-08
mcVFA-af8-simple-SL,63,43.357925271785554,0.9857580311012268,1.4805953796326321e-08,47.54636092357107,0.9960648222332,2.9417904556794383e-08
mcVFA-af8-simple-SL,64,43.383625311769464,0.9861475135602951,1.4718595231499876e-08,47.221705044987985,0.9960730766620636,3.1701318903287756e-08
mcVFA-af8-simple-SL,65,43.4121814315629,0.9861889037475586,1.4622134614228344e-08,47.5043388622623,0.9961945896930695,2.9703931758717772e-08
mcVFA-af8-simple-SL,66,43.44352739470828,0.9858312890396118,1.4516976065692688e-08,47.303403315229176,0.9959132630786895,3.111053814564002e-08
mcVFA-af8-simple-SL,67,43.51342697013405,0.9864008245735169,1.4285197025287744e-08,47.435271179788614,0.9962442122135162,3.018010374944424e-08
mcVFA-af8-simple-SL,68,43.353257767193256,0.9866862681522369,1.4821875282677865e-08,47.51056814097086,0.9964372595405578,2.9661357814347866e-08
mcVFA-af8-simple-SL,69,43.27847572864782,0.98682247336483,1.507930491584375e-08,47.208837131951555,0.9963614838399887,3.1795387656075036e-08
mcVFA-af8-simple-SL,70,41.88054720809519,0.9836393838090897,2.0805311251592684e-08,46.550991072840304,0.9960443599214553,3.699548756230797e-08
mcVFA-af8-simple-SL,71,42.0964896392005,0.9839241969070435,1.9796114969494738e-08,46.564590683645164,0.9958419382858277,3.6879818310353585e-08
mcVFA-af8-simple-SL,72,42.208279739612635,0.983992135225296,1.9293052488933427e-08,46.71018758055048,0.9961002733583451,3.5663923370066186e-08
mcVFA-af8-simple-SL,73,42.226326583782324,0.9846638380947113,1.9213048929600518e-08,46.55583910756605,0.9962668734140396,3.695421213478767e-08
mcVFA-af8-simple-SL,74,42.17446851227231,0.9845751985473633,1.9443842091959596e-08,46.59208746349101,0.9965516065559388,3.664705516825961e-08
mcVFA-af8-simple-SL,75,42.31785864179409,0.9847849586601257,1.8812350788266485e-08,46.636199248370474,0.9965847960577011,3.627670963624041e-08
mcVFA-af8-simple-SL,76,42.50517991036139,0.9843766584711074,1.80181807252211e-08,46.60320722370096,0.9964622604160309,3.655334523955389e-08
mcVFA-af8-simple-SL,77,42.65710425186727,0.9847298102874756,1.739876864803591e-08,46.744905132305774,0.9964106287593841,3.537996207114702e-08
mcVFA-af8-simple-SL,78,42.47737964892068,0.9840964225378036,1.8133889057025954e-08,46.524211012617805,0.9961340989236832,3.722431785035951e-08
mcVFA-af8-simple-SL,79,42.485520392232885,0.9839557293643951,1.809993044332714e-08,46.36477787423689,0.9962052279500961,3.8616246200717796e-08
mcVFA-af8-simple-SL,80,42.658876916818905,0.9841823263120651,1.739166677339199e-08,46.457583633741216,0.9960893796482087,3.779980062290633e-08
mcVFA-af8-simple-SL,81,42.594322111784,0.9837669800643921,1.7652114436828015e-08,46.408966413230445,0.9957776631889343,3.822532690378466e-08
mcVFA-af8-simple-SL,82,42.692005375210805,0.9835609326677323,1.725950582454061e-08,46.30129093529306,0.9957360639858246,3.918490065757396e-08
mcVFA-af8-simple-SL,83,42.591350338305006,0.983548348692894,1.7664197216049615e-08,46.30896025176665,0.9956781436300278,3.911576840209818e-08
mcVFA-af8-simple-SL,84,42.64781953068899,0.9837321196460724,1.743600464010342e-08,46.2644710408196,0.9956953553714752,3.951852534100908e-08
mcVFA-af8-simple-SL,85,42.54722124801128,0.9833442952337265,1.7844598687588586e-08,46.21999727151912,0.9953314689207077,3.9925293293663344e-08
mcVFA-af8-simple-SL,86,42.629094605895276,0.9831014443883895,1.7511343486376063e-08,46.582319362356856,0.995508887008667,3.672957404887711e-08
mcVFA-af8-simple-SL,87,42.6191380577243,0.9826766987438202,1.7551535336224333e-08,46.536260147559794,0.9952307450361252,3.712118257226393e-08
mcVFA-af8-simple-SL,88,42.57801618917155,0.9826760525121688,1.7718512879127957e-08,46.3973486405359,0.9953206652851104,3.832771966472137e-08
mcVFA-af8-simple-SL,89,42.662506153193476,0.9825222401247025,1.7377139727159374e-08,46.52837657499789,0.9953557014541626,3.718863084145596e-08
mcVFA-af8-simple-SL,90,42.61472526847389,0.9827388070144654,1.756937884067611e-08,46.41660491381624,0.99527015122509,3.815815574625958e-08
mcVFA-af8-simple-SL,91,42.63930990916649,0.9829132237501145,1.7470203061975553e-08,46.55359934267217,0.9954665737552643,3.697327244367443e-08
mcVFA-af8-simple-SL,92,42.58691414057962,0.982492699935913,1.76822485542516e-08,46.336949830366706,0.9953423601236343,3.8864477858169266e-08
mcVFA-af8-simple-SL,93,42.62081386992826,0.9828221729040146,1.754476386395254e-08,46.39242182877962,0.9952623771219253,3.8371222643718284e-08
mcVFA-af8-simple-SL,94,42.618371673019396,0.982335566945076,1.7554633302552247e-08,46.52126474896912,0.9951450638885498,3.724958119732946e-08
mcVFA-af8-simple-SL,95,42.6782407918602,0.9826361775770187,1.7314295774895072e-08,46.550481644038385,0.9952806388998031,3.6999828978423466e-08
mcVFA-af8-simple-SL,96,42.692222012450586,0.9829218968286514,1.725864606783034e-08,46.59273949237517,0.9954651256465912,3.664155912019851e-08
mcVFA-af8-simple-SL,97,42.538994410962104,0.9821613426065445,1.7878434732665482e-08,46.66762156204257,0.9954001783981323,3.601518727691655e-08
mcVFA-af8-simple-SL,98,42.694705610101956,0.9828199116315842,1.7248778405587473e-08,46.52371775120183,0.9955348737211227,3.7228545579637284e-08
mcVFA-af8-simple-SL,99,42.82106647152431,0.9828991226320267,1.6754144738229115e-08,46.72589715476568,0.9958462761096954,3.5535148157350704e-08
mcVFA-af8-simple-SL,100,42.86882138450931,0.9829076533470154,1.6570925964742855e-08,46.51784210720013,0.9955777331457139,3.727894437588475e-08
mcVFA-af8-simple-SL,101,42.8208899725409,0.9831619358530045,1.6754826859255445e-08,46.70613252358284,0.995672166478157,3.569723361351862e-08
mcVFA-af8-simple-SL,102,42.88672261392598,0.9828981258134842,1.650276360010139e-08,46.64679248374962,0.9956600554437637,3.618833233076657e-08
mcVFA-af8-simple-SL,103,42.910083676969116,0.9830185068006515,1.641423175158252e-08,46.88104951870856,0.995839683054924,3.428805683824976e-08
mcVFA-af8-simple-SL,104,42.88926137665829,0.9832190444822312,1.6493117982463446e-08,46.822948147130894,0.9958014440431595,3.474985987850232e-08
mcVFA-af8-simple-SL,105,42.906500552633055,0.983390031785965,1.6427780025196626e-08,46.73103183271533,0.9958272571678162,3.549315863438096e-08
mcVFA-af8-simple-SL,106,42.92858972826933,0.984118912396431,1.6344436915005645e-08,46.98247058183733,0.9962100383634567,3.3496604601168656e-08
mcVFA-af8-simple-SL,107,42.901965865880946,0.9840073795995712,1.644494318497891e-08,46.93275469572426,0.9962476248874664,3.3882262329143487e-08
mcVFA-af8-simple-SL,108,42.92027712836081,0.9839377730941773,1.6375750533370592e-08,46.78884189447744,0.9962314141931534,3.502383449927038e-08
mcVFA-af8-simple-SL,109,43.011949764985495,0.9841459705877305,1.6033705918516716e-08,46.943040271462515,0.9963715720281601,3.380210955583607e-08
mcVFA-af8-simple-SL,110,43.04020470456337,0.9836962732753753,1.592973219999294e-08,47.046123185590396,0.9960750533103943,3.3009239785997124e-08
mcVFA-af8-simple-SL,111,42.60743449538924,0.9835876652202606,1.7598898338633262e-08,46.803464532769105,0.9960004544420242,3.4906108226095967e-08
mcVFA-af8-simple-SL,112,42.54918837004776,0.9834619959850311,1.7836519816682994e-08,46.58732146919764,0.9957839124603272,3.6687296756099386e-08
mcVFA-af8-simple-SL,113,42.406336815748304,0.9831792681512833,1.8432967152648416e-08,46.605742636232776,0.9957574775257111,3.6532011193912695e-08
mcVFA-af8-simple-SL,114,42.65976890999744,0.9833062700395584,1.7388096296144795e-08,46.91292843964589,0.9957728620471954,3.4037288543231625e-08
mcVFA-af8-simple-SL,115,42.80409341817523,0.9835765836553574,1.6819750925378685e-08,46.813247713598194,0.995801864235878,3.4827561279371366e-08
mcVFA-af8-simple-SL,116,42.86146126865141,0.9835858440570832,1.6599033259012685e-08,47.21929845634467,0.9959360835285187,3.1718890625143104e-08
mcVFA-af8-simple-SL,117,43.009234523034635,0.9835279320354462,1.604373522923197e-08,47.15393601591316,0.995972653008461,3.219987831926119e-08
mcVFA-af8-simple-SL,118,42.99452255929345,0.9838898762445449,1.609817701364591e-08,47.31209873771354,0.9962413221874237,3.104830881284215e-08
mcVFA-af8-simple-SL,119,43.05583792371664,0.9839926209440232,1.5872490877200107e-08,47.22806417588156,0.9962321190958023,3.165493467349734e-08
mcVFA-af8-simple-SL,120,43.2307387970436,0.9842342713365555,1.524596981994364e-08,47.46269517910402,0.9962114427108765,2.9990125938184065e-08
mcVFA-af8-simple-SL,121,43.11894544313787,0.9840735983467102,1.5643514927887736e-08,47.565589287577616,0.9962828440732956,2.928794451406702e-08
mcVFA-af8-simple-SL,122,43.174493565885506,0.9840618292274476,1.544470151770838e-08,47.62046627424893,0.9960377183904647,2.8920196015747024e-08
mcVFA-af8-simple-SL,123,43.30419459461011,0.9837841583900452,1.499027035833933e-08,47.832372871279844,0.9956715465764999,2.754295636009374e-08
mcVFA-af8-simple-SL,124,43.30008463116377,0.9841217234706878,1.500446344948614e-08,47.81295731062582,0.9958546258592605,2.7666365198797394e-08
mcVFA-af8-simple-SL,125,43.18664224081735,0.9842860448074341,1.5401557362793028e-08,47.803545908012914,0.9960054434823989,2.772638474368705e-08
mcVFA-af8-simple-SL,126,43.24882959984144,0.9844491823968887,1.5182592960627517e-08,47.823800622869996,0.995959351234436,2.7597376828225606e-08
mcVFA-af8-simple-SL,127,43.354369565893975,0.984869182644844,1.4818081872647326e-08,47.70168551207722,0.9960494778270721,2.8384370409639814e-08
mcVFA-af8-simple-SL,128,43.37547477330812,0.9850066526107788,1.474624511388356e-08,47.724013220574236,0.9962203071336746,2.8238817506576197e-08
mcVFA-af8-simple-SL,129,43.307489628104165,0.9854290815763473,1.497890167456717e-08,47.68032510138429,0.9964125424261093,2.8524322459588802e-08
mcVFA-af8-simple-SL,130,43.385750819698345,0.9855943747024536,1.4711394769051367e-08,47.45483518431337,0.996391630473137,3.004445403576028e-08
mcVFA-af8-simple-SL,131,43.32055844548017,0.9855549751110076,1.4933895897684124e-08,47.469949942001854,0.9962301678733826,2.9940071755163444e-08
mcVFA-af8-simple-SL,132,43.329310901219316,0.9855421104764939,1.4903827505463596e-08,47.502639966529586,0.9962020742664337,2.9715554461517968e-08
mcVFA-af8-simple-SL,133,43.357925271785554,0.9857580311012268,1.4805953796326321e-08,47.54636092357107,0.9960648222332,2.9417904556794383e-08
mcVFA-af8-simple-SL,134,43.383625311769464,0.9861475135602951,1.4718595231499876e-08,47.221705044987985,0.9960730766620636,3.1701318903287756e-08
mcVFA-af8-simple-SL,135,43.4121814315629,0.9861889037475586,1.4622134614228344e-08,47.5043388622623,0.9961945896930695,2.9703931758717772e-08
mcVFA-af8-simple-SL,136,43.44352739470828,0.9858312890396118,1.4516976065692688e-08,47.303403315229176,0.9959132630786895,3.111053814564002e-08
mcVFA-af8-simple-SL,137,43.51342697013405,0.9864008245735169,1.4285197025287744e-08,47.435271179788614,0.9962442122135162,3.018010374944424e-08
mcVFA-af8-simple-SL,138,43.353257767193256,0.9866862681522369,1.4821875282677865e-08,47.51056814097086,0.9964372595405578,2.9661357814347866e-08
mcVFA-af8-simple-SL,139,43.27847572864782,0.98682247336483,1.507930491584375e-08,47.208837131951555,0.9963614838399887,3.1795387656075036e-08
mcVFA-af8-simple-SSL,0,39.724407156413136,0.9624138470630645,3.418127292320605e-08,44.16404101936454,0.987932149518013,6.409789676808941e-08
mcVFA-af8-simple-SSL,1,39.95985164051599,0.9639092080812455,3.237753176676961e-08,44.19629896471986,0.9882543274679184,6.362355975397804e-08
mcVFA-af8-simple-SSL,2,40.14988253875413,0.9657007012939454,3.099136236528466e-08,44.331545465926794,0.988825519572258,6.167275046209397e-08
mcVFA-af8-simple-SSL,3,40.09612705281163,0.9665613129301072,3.137734694291794e-08,44.28165746818934,0.9891581765546799,6.238527561208684e-08
mcVFA-af8-simple-SSL,4,40.001081922977725,0.9659873618297576,3.2071607591888096e-08,44.14189971939617,0.9889027596321106,6.442552091812104e-08
mcVFA-af8-simple-SSL,5,40.09520274474411,0.9656767594571114,3.1384026044634084e-08,44.23342719782704,0.9883428387765885,6.308195565907226e-08
mcVFA-af8-simple-SSL,6,40.1828653817754,0.9640057166075706,3.0756886815197504e-08,44.21451802273964,0.9883167148475647,6.335721280947837e-08
mcVFA-af8-simple-SSL,7,40.385090674422244,0.9664680794062614,2.935755283317576e-08,44.34240988345433,0.9888665802259445,6.151866216441704e-08
mcVFA-af8-simple-SSL,8,40.20233056534521,0.9648621311058998,3.061934350512274e-08,44.164911436165454,0.9878218059248924,6.408504304999951e-08
mcVFA-af8-simple-SSL,9,40.2217853058795,0.9644254664111137,3.048248942150167e-08,44.17629142401937,0.9875724432291985,6.391734075350541e-08
mcVFA-af8-simple-SSL,10,40.28840754265928,0.9638761614394188,3.0018444618917783e-08,43.980930577970334,0.9868394750723839,6.685822029339761e-08
mcVFA-af8-simple-SSL,11,40.23819499987496,0.9632489464006424,3.036752715956936e-08,44.04156231876824,0.9870358550534248,6.593130308374384e-08
mcVFA-af8-simple-SSL,12,40.24310280045274,0.963509749022007,3.033322926171422e-08,43.97809141506801,0.9867212539114952,6.690193998792893e-08
mcVFA-af8-simple-SSL,13,40.233063971589054,0.9627824738078118,3.040342733129364e-08,43.959728238417455,0.9857405711193085,6.718542522321513e-08
mcVFA-af8-simple-SSL,14,40.25341591812613,0.9633666290304661,3.0261283257004834e-08,43.9275978252164,0.9854216314487457,6.768431859427437e-08
mcVFA-af8-simple-SSL,15,40.169699275421735,0.9617385939543247,3.0850273446958454e-08,43.840550076051706,0.9851447417194843,6.905463578732451e-08
mcVFA-af8-simple-SSL,16,40.28436234455337,0.9613728759541511,3.004641513371098e-08,44.08271785646744,0.984713137067318,6.530945029226132e-08
mcVFA-af8-simple-SSL,17,40.18913606603144,0.9610420679297447,3.071250986863561e-08,44.03374511017421,0.9843612632415295,6.60500774074535e-08
mcVFA-af8-simple-SSL,18,40.215086604505586,0.9604512230923176,3.05295415614637e-08,43.988376284115,0.9842538503220082,6.674368790982044e-08
mcVFA-af8-simple-SSL,19,40.24792623691599,0.960418487048626,3.029956019418023e-08,44.018777500393355,0.9841337631430626,6.627810478221363e-08
mcVFA-af8-simple-SSL,20,40.303226016532705,0.9602539403543472,2.9916193966528226e-08,43.924236733225364,0.9835430195727348,6.773672112103668e-08
mcVFA-af8-simple-SSL,21,40.29737205747281,0.9604085972056389,2.9956542135778363e-08,44.077635025425444,0.9838087433366776,6.538593311233853e-08
mcVFA-af8-simple-SSL,22,40.21156210827969,0.9602819409799576,3.0554325292087015e-08,43.89907788209559,0.9840765237865448,6.813026232066477e-08
mcVFA-af8-simple-SSL,23,40.2711503665069,0.9608028657522202,3.013796145978631e-08,43.95165879719035,0.9840403052997589,6.731036705787119e-08
mcVFA-af8-simple-SSL,24,40.30369730409213,0.9603000823001862,2.99129467862258e-08,44.01694812066925,0.9841394065465927,6.6306029111729e-08
mcVFA-af8-simple-SSL,25,40.364299840422305,0.9606527211747169,2.9498433917751754e-08,44.058026892732784,0.9842138678026199,6.568181731836376e-08
mcVFA-af8-simple-SSL,26,40.50417732149788,0.9616667069263458,2.856348402247022e-08,44.18924043853945,0.9848881674876213,6.372704319801414e-08
mcVFA-af8-simple-SSL,27,40.32537904694845,0.9609862973947525,2.9763981501673697e-08,44.240596761952546,0.9851736940746307,6.29778966754202e-08
mcVFA-af8-simple-SSL,28,40.51364293023866,0.9613693347711563,2.8501297322236496e-08,44.24011784436224,0.9848090455312729,6.298484578337593e-08
mcVFA-af8-simple-SSL,29,40.60085751674164,0.9617109168753624,2.7934646595895174e-08,44.431847700801434,0.9850894071407318,6.026471055520233e-08
mcVFA-af8-simple-SSL,30,40.72946534113332,0.9622961618061066,2.7119543943854296e-08,44.54050005871349,0.985651155623436,5.877570430357082e-08
mcVFA-af8-simple-SSL,31,40.7111412164139,0.9617824929366112,2.723421133055126e-08,44.54204595467063,0.9856689693231583,5.875478592543004e-08
mcVFA-af8-simple-SSL,32,40.76183003303424,0.9610735468153954,2.6918193896108278e-08,44.59096938520542,0.9856131050891876,5.8096624400150176e-08
mcVFA-af8-simple-SSL,33,40.75853949709789,0.9603926073637009,2.693859713076563e-08,44.774180218221744,0.9851359412465096,5.5696744993838365e-08
mcVFA-af8-simple-SSL,34,40.81522961205699,0.9623530666179657,2.658924280751762e-08,44.75017882038813,0.9860663847694398,5.600540475825255e-08
mcVFA-af8-simple-SSL,35,40.772082014750296,0.9629812473363877,2.6854726442593346e-08,44.655401272153476,0.9862634908361435,5.72410669974488e-08
mcVFA-af8-simple-SSL,36,40.9516238584727,0.9642485509471893,2.57671590730979e-08,44.86855917998711,0.9866345469064712,5.4499423640663736e-08
mcVFA-af8-simple-SSL,37,40.88002825277067,0.9643099875097275,2.6195465352429892e-08,44.8327688417003,0.9871726033706665,5.495041222047803e-08
mcVFA-af8-simple-SSL,38,40.91135269502299,0.9636319523925782,2.6007203501876575e-08,44.74714581265499,0.98682656782341,5.604453789942454e-08
mcVFA-af8-simple-SSL,39,41.095892179759936,0.9641270561561585,2.492526007813467e-08,45.00907123613895,0.9868823458433151,5.276436709777954e-08
mcVFA-af8-simple-SSL,40,41.10034521935845,0.9637966401519775,2.4899716066784094e-08,45.18895726696428,0.9865510983800888,5.0623494729507e-08
mcVFA-af8-simple-SSL,41,40.58752426211064,0.96233943734169,2.8020540554507534e-08,44.588726553537334,0.9852130020627975,5.812663772530868e-08
mcVFA-af8-simple-SSL,42,40.577096848877915,0.9581880674552917,2.8087898229500752e-08,44.50677003541381,0.9821704660577774,5.9233972393712975e-08
mcVFA-af8-simple-SSL,43,40.580515292430555,0.959131102230072,2.8065798574061773e-08,44.49598764823128,0.9834694047746658,5.938121461213086e-08
mcVFA-af8-simple-SSL,44,40.572142543183546,0.9589246093330384,2.8119957917738247e-08,44.719840174083615,0.9839912126312256,5.6398015146896796e-08
mcVFA-af8-simple-SSL,45,40.72662915893831,0.9592864055995941,2.7137261326970474e-08,44.63809200600423,0.9834654108505249,5.746966280639754e-08
mcVFA-af8-simple-SSL,46,40.70532729720284,0.9597175490345955,2.7270694147318864e-08,44.95379862344642,0.9835342391080857,5.34401927154704e-08
mcVFA-af8-simple-SSL,47,40.94074108658554,0.9600832299613953,2.5831809580267873e-08,44.82328568402853,0.9840631928825379,5.5070529469958274e-08
mcVFA-af8-simple-SSL,48,40.991193098384855,0.960132808871746,2.5533456238235885e-08,45.04767778859173,0.984403431499958,5.2297394859124324e-08
mcVFA-af8-simple-SSL,49,41.15839132655648,0.9610829585094451,2.456913072990119e-08,45.286178498190175,0.985132548084259,4.950282672666617e-08
mcVFA-af8-simple-SSL,50,41.195945405605926,0.961481316772461,2.435759327568121e-08,45.38583720689956,0.9862376887941361,4.8379806827369976e-08
mcVFA-af8-simple-SSL,51,41.218002552298614,0.9620384611749649,2.4234200424189112e-08,45.51450057011663,0.9861427828683853,4.696753919120056e-08
mcVFA-af8-simple-SSL,52,41.22521176087532,0.9616137276821136,2.4194005021627163e-08,45.43707428270576,0.9847592254304885,4.781238871487403e-08
mcVFA-af8-simple-SSL,53,41.353918346398785,0.9623751238689423,2.3487515932174574e-08,45.661427515147004,0.9849546235046387,4.5405148085819746e-08
mcVFA-af8-simple-SSL,54,41.35847460987765,0.9606957602186204,2.346288852095313e-08,45.58775799542512,0.9830746532039643,4.6181924062693724e-08
mcVFA-af8-simple-SSL,55,41.28149004097676,0.9598672483730316,2.3882506638983614e-08,45.564486159499594,0.9839272955551147,4.6430059796875867e-08
mcVFA-af8-simple-SSL,56,41.30217271094728,0.960431481844902,2.3769041845866923e-08,45.55006082497631,0.9838833409299851,4.658453534034379e-08
mcVFA-af8-simple-SSL,57,41.42106089390471,0.9622655222387314,2.312718905272959e-08,45.55157137385832,0.985283153924942,4.656833141325478e-08
mcVFA-af8-simple-SSL,58,41.35934581004902,0.9622528442487717,2.345818117532872e-08,45.67304394253683,0.984986009926796,4.5283861993539176e-08
mcVFA-af8-simple-SSL,59,41.289837711326534,0.9617942267045975,2.3836644658103978e-08,45.47345762236466,0.9848733461351394,4.7413507786586706e-08
mcVFA-af8-simple-SSL,60,41.395004603240054,0.9626641565227508,2.3266363058382922e-08,45.428141504255166,0.9858018341608048,4.7910830858199915e-08
mcVFA-af8-simple-SSL,61,41.45296683692386,0.9644906767845154,2.2957902245934747e-08,45.37539538429588,0.9861858688983918,4.8496268334474735e-08
mcVFA-af8-simple-SSL,62,41.258093603493975,0.9649339753427505,2.4011514554445057e-08,45.32688387936636,0.9869834023447037,4.904101658098625e-08
mcVFA-af8-simple-SSL,63,41.38930053598777,0.9658556403007508,2.3296939488659518e-08,45.336580823169086,0.9869951538171768,4.893163918495702e-08
mcVFA-af8-simple-SSL,64,41.422430875823125,0.9675626623153687,2.3119893555190174e-08,45.321358593326394,0.9881847501878739,4.910344841846381e-08
mcVFA-af8-simple-SSL,65,41.47390095037934,0.9688109084053039,2.284750877379338e-08,45.37153847752175,0.9887989354610444,4.853934854054387e-08
mcVFA-af8-simple-SSL,66,41.42197282618834,0.969046160779953,2.312233249313067e-08,45.198754163191985,0.9881248171691894,5.0509424198708075e-08
mcVFA-af8-simple-SSL,67,41.4768068553651,0.9697171771717071,2.283222677590402e-08,45.346662199730034,0.9883461091976166,4.881818327362453e-08
mcVFA-af8-simple-SSL,68,41.37669248149158,0.9707701955184936,2.336467197494585e-08,45.374944555142555,0.9895089977254867,4.8501298977043916e-08
mcVFA-af8-simple-SSL,69,41.36421347320838,0.9696102920160293,2.343190530496031e-08,45.291053007897915,0.9889820241670608,4.944729425915284e-08
mcVFA-af8-simple-SSL,70,39.724407156413136,0.9624138470630645,3.418127292320605e-08,44.16404101936454,0.987932149518013,6.409789676808941e-08
mcVFA-af8-simple-SSL,71,39.95985164051599,0.9639092080812455,3.237753176676961e-08,44.19629896471986,0.9882543274679184,6.362355975397804e-08
mcVFA-af8-simple-SSL,72,40.14988253875413,0.9657007012939454,3.099136236528466e-08,44.331545465926794,0.988825519572258,6.167275046209397e-08
mcVFA-af8-simple-SSL,73,40.09612705281163,0.9665613129301072,3.137734694291794e-08,44.28165746818934,0.9891581765546799,6.238527561208684e-08
mcVFA-af8-simple-SSL,74,40.001081922977725,0.9659873618297576,3.2071607591888096e-08,44.14189971939617,0.9889027596321106,6.442552091812104e-08
mcVFA-af8-simple-SSL,75,40.09520274474411,0.9656767594571114,3.1384026044634084e-08,44.23342719782704,0.9883428387765885,6.308195565907226e-08
mcVFA-af8-simple-SSL,76,40.1828653817754,0.9640057166075706,3.0756886815197504e-08,44.21451802273964,0.9883167148475647,6.335721280947837e-08
mcVFA-af8-simple-SSL,77,40.385090674422244,0.9664680794062614,2.935755283317576e-08,44.34240988345433,0.9888665802259445,6.151866216441704e-08
mcVFA-af8-simple-SSL,78,40.20233056534521,0.9648621311058998,3.061934350512274e-08,44.164911436165454,0.9878218059248924,6.408504304999951e-08
mcVFA-af8-simple-SSL,79,40.2217853058795,0.9644254664111137,3.048248942150167e-08,44.17629142401937,0.9875724432291985,6.391734075350541e-08
mcVFA-af8-simple-SSL,80,40.28840754265928,0.9638761614394188,3.0018444618917783e-08,43.980930577970334,0.9868394750723839,6.685822029339761e-08
mcVFA-af8-simple-SSL,81,40.23819499987496,0.9632489464006424,3.036752715956936e-08,44.04156231876824,0.9870358550534248,6.593130308374384e-08
mcVFA-af8-simple-SSL,82,40.24310280045274,0.963509749022007,3.033322926171422e-08,43.97809141506801,0.9867212539114952,6.690193998792893e-08
mcVFA-af8-simple-SSL,83,40.233063971589054,0.9627824738078118,3.040342733129364e-08,43.959728238417455,0.9857405711193085,6.718542522321513e-08
mcVFA-af8-simple-SSL,84,40.25341591812613,0.9633666290304661,3.0261283257004834e-08,43.9275978252164,0.9854216314487457,6.768431859427437e-08
mcVFA-af8-simple-SSL,85,40.169699275421735,0.9617385939543247,3.0850273446958454e-08,43.840550076051706,0.9851447417194843,6.905463578732451e-08
mcVFA-af8-simple-SSL,86,40.28436234455337,0.9613728759541511,3.004641513371098e-08,44.08271785646744,0.984713137067318,6.530945029226132e-08
mcVFA-af8-simple-SSL,87,40.18913606603144,0.9610420679297447,3.071250986863561e-08,44.03374511017421,0.9843612632415295,6.60500774074535e-08
mcVFA-af8-simple-SSL,88,40.215086604505586,0.9604512230923176,3.05295415614637e-08,43.988376284115,0.9842538503220082,6.674368790982044e-08
mcVFA-af8-simple-SSL,89,40.24792623691599,0.960418487048626,3.029956019418023e-08,44.018777500393355,0.9841337631430626,6.627810478221363e-08
mcVFA-af8-simple-SSL,90,40.303226016532705,0.9602539403543472,2.9916193966528226e-08,43.924236733225364,0.9835430195727348,6.773672112103668e-08
mcVFA-af8-simple-SSL,91,40.29737205747281,0.9604085972056389,2.9956542135778363e-08,44.077635025425444,0.9838087433366776,6.538593311233853e-08
mcVFA-af8-simple-SSL,92,40.21156210827969,0.9602819409799576,3.0554325292087015e-08,43.89907788209559,0.9840765237865448,6.813026232066477e-08
mcVFA-af8-simple-SSL,93,40.2711503665069,0.9608028657522202,3.013796145978631e-08,43.95165879719035,0.9840403052997589,6.731036705787119e-08
mcVFA-af8-simple-SSL,94,40.30369730409213,0.9603000823001862,2.99129467862258e-08,44.01694812066925,0.9841394065465927,6.6306029111729e-08
mcVFA-af8-simple-SSL,95,40.364299840422305,0.9606527211747169,2.9498433917751754e-08,44.058026892732784,0.9842138678026199,6.568181731836376e-08
mcVFA-af8-simple-SSL,96,40.50417732149788,0.9616667069263458,2.856348402247022e-08,44.18924043853945,0.9848881674876213,6.372704319801414e-08
mcVFA-af8-simple-SSL,97,40.32537904694845,0.9609862973947525,2.9763981501673697e-08,44.240596761952546,0.9851736940746307,6.29778966754202e-08
mcVFA-af8-simple-SSL,98,40.51364293023866,0.9613693347711563,2.8501297322236496e-08,44.24011784436224,0.9848090455312729,6.298484578337593e-08
mcVFA-af8-simple-SSL,99,40.60085751674164,0.9617109168753624,2.7934646595895174e-08,44.431847700801434,0.9850894071407318,6.026471055520233e-08
mcVFA-af8-simple-SSL,100,40.72946534113332,0.9622961618061066,2.7119543943854296e-08,44.54050005871349,0.985651155623436,5.877570430357082e-08
mcVFA-af8-simple-SSL,101,40.7111412164139,0.9617824929366112,2.723421133055126e-08,44.54204595467063,0.9856689693231583,5.875478592543004e-08
mcVFA-af8-simple-SSL,102,40.76183003303424,0.9610735468153954,2.6918193896108278e-08,44.59096938520542,0.9856131050891876,5.8096624400150176e-08
mcVFA-af8-simple-SSL,103,40.75853949709789,0.9603926073637009,2.693859713076563e-08,44.774180218221744,0.9851359412465096,5.5696744993838365e-08
mcVFA-af8-simple-SSL,104,40.81522961205699,0.9623530666179657,2.658924280751762e-08,44.75017882038813,0.9860663847694398,5.600540475825255e-08
mcVFA-af8-simple-SSL,105,40.772082014750296,0.9629812473363877,2.6854726442593346e-08,44.655401272153476,0.9862634908361435,5.72410669974488e-08
mcVFA-af8-simple-SSL,106,40.9516238584727,0.9642485509471893,2.57671590730979e-08,44.86855917998711,0.9866345469064712,5.4499423640663736e-08
mcVFA-af8-simple-SSL,107,40.88002825277067,0.9643099875097275,2.6195465352429892e-08,44.8327688417003,0.9871726033706665,5.495041222047803e-08
mcVFA-af8-simple-SSL,108,40.91135269502299,0.9636319523925782,2.6007203501876575e-08,44.74714581265499,0.98682656782341,5.604453789942454e-08
mcVFA-af8-simple-SSL,109,41.095892179759936,0.9641270561561585,2.492526007813467e-08,45.00907123613895,0.9868823458433151,5.276436709777954e-08
mcVFA-af8-simple-SSL,110,41.10034521935845,0.9637966401519775,2.4899716066784094e-08,45.18895726696428,0.9865510983800888,5.0623494729507e-08
mcVFA-af8-simple-SSL,111,40.58752426211064,0.96233943734169,2.8020540554507534e-08,44.588726553537334,0.9852130020627975,5.812663772530868e-08
mcVFA-af8-simple-SSL,112,40.577096848877915,0.9581880674552917,2.8087898229500752e-08,44.50677003541381,0.9821704660577774,5.9233972393712975e-08
mcVFA-af8-simple-SSL,113,40.580515292430555,0.959131102230072,2.8065798574061773e-08,44.49598764823128,0.9834694047746658,5.938121461213086e-08
mcVFA-af8-simple-SSL,114,40.572142543183546,0.9589246093330384,2.8119957917738247e-08,44.719840174083615,0.9839912126312256,5.6398015146896796e-08
mcVFA-af8-simple-SSL,115,40.72662915893831,0.9592864055995941,2.7137261326970474e-08,44.63809200600423,0.9834654108505249,5.746966280639754e-08
mcVFA-af8-simple-SSL,116,40.70532729720284,0.9597175490345955,2.7270694147318864e-08,44.95379862344642,0.9835342391080857,5.34401927154704e-08
mcVFA-af8-simple-SSL,117,40.94074108658554,0.9600832299613953,2.5831809580267873e-08,44.82328568402853,0.9840631928825379,5.5070529469958274e-08
mcVFA-af8-simple-SSL,118,40.991193098384855,0.960132808871746,2.5533456238235885e-08,45.04767778859173,0.984403431499958,5.2297394859124324e-08
mcVFA-af8-simple-SSL,119,41.15839132655648,0.9610829585094451,2.456913072990119e-08,45.286178498190175,0.985132548084259,4.950282672666617e-08
mcVFA-af8-simple-SSL,120,41.195945405605926,0.961481316772461,2.435759327568121e-08,45.38583720689956,0.9862376887941361,4.8379806827369976e-08
mcVFA-af8-simple-SSL,121,41.218002552298614,0.9620384611749649,2.4234200424189112e-08,45.51450057011663,0.9861427828683853,4.696753919120056e-08
mcVFA-af8-simple-SSL,122,41.22521176087532,0.9616137276821136,2.4194005021627163e-08,45.43707428270576,0.9847592254304885,4.781238871487403e-08
mcVFA-af8-simple-SSL,123,41.353918346398785,0.9623751238689423,2.3487515932174574e-08,45.661427515147004,0.9849546235046387,4.5405148085819746e-08
mcVFA-af8-simple-SSL,124,41.35847460987765,0.9606957602186204,2.346288852095313e-08,45.58775799542512,0.9830746532039643,4.6181924062693724e-08
mcVFA-af8-simple-SSL,125,41.28149004097676,0.9598672483730316,2.3882506638983614e-08,45.564486159499594,0.9839272955551147,4.6430059796875867e-08
mcVFA-af8-simple-SSL,126,41.30217271094728,0.960431481844902,2.3769041845866923e-08,45.55006082497631,0.9838833409299851,4.658453534034379e-08
mcVFA-af8-simple-SSL,127,41.42106089390471,0.9622655222387314,2.312718905272959e-08,45.55157137385832,0.985283153924942,4.656833141325478e-08
mcVFA-af8-simple-SSL,128,41.35934581004902,0.9622528442487717,2.345818117532872e-08,45.67304394253683,0.984986009926796,4.5283861993539176e-08
mcVFA-af8-simple-SSL,129,41.289837711326534,0.9617942267045975,2.3836644658103978e-08,45.47345762236466,0.9848733461351394,4.7413507786586706e-08
mcVFA-af8-simple-SSL,130,41.395004603240054,0.9626641565227508,2.3266363058382922e-08,45.428141504255166,0.9858018341608048,4.7910830858199915e-08
mcVFA-af8-simple-SSL,131,41.45296683692386,0.9644906767845154,2.2957902245934747e-08,45.37539538429588,0.9861858688983918,4.8496268334474735e-08
mcVFA-af8-simple-SSL,132,41.258093603493975,0.9649339753427505,2.4011514554445057e-08,45.32688387936636,0.9869834023447037,4.904101658098625e-08
mcVFA-af8-simple-SSL,133,41.38930053598777,0.9658556403007508,2.3296939488659518e-08,45.336580823169086,0.9869951538171768,4.893163918495702e-08
mcVFA-af8-simple-SSL,134,41.422430875823125,0.9675626623153687,2.3119893555190174e-08,45.321358593326394,0.9881847501878739,4.910344841846381e-08
mcVFA-af8-simple-SSL,135,41.47390095037934,0.9688109084053039,2.284750877379338e-08,45.37153847752175,0.9887989354610444,4.853934854054387e-08
mcVFA-af8-simple-SSL,136,41.42197282618834,0.969046160779953,2.312233249313067e-08,45.198754163191985,0.9881248171691894,5.0509424198708075e-08
mcVFA-af8-simple-SSL,137,41.4768068553651,0.9697171771717071,2.283222677590402e-08,45.346662199730034,0.9883461091976166,4.881818327362453e-08
mcVFA-af8-simple-SSL,138,41.37669248149158,0.9707701955184936,2.336467197494585e-08,45.374944555142555,0.9895089977254867,4.8501298977043916e-08
mcVFA-af8-simple-SSL,139,41.36421347320838,0.9696102920160293,2.343190530496031e-08,45.291053007897915,0.9889820241670608,4.944729425915284e-08
mcVFA-af8-simple-ZS,0,40.98693130233186,0.9745241111011506,2.5558524185953502e-08,45.312749664711234,0.9945641810970306,4.920087803839124e-08
mcVFA-af8-simple-ZS,1,41.083282498463205,0.9749158970470428,2.49977354371822e-08,45.10327119817185,0.9942332213487625,5.163221317161515e-08
mcVFA-af8-simple-ZS,2,41.26648996877756,0.9753544730358124,2.3965137430081995e-08,45.462571491622256,0.9944895630817413,4.753250593125813e-08
mcVFA-af8-simple-ZS,3,41.15437389292383,0.9754538056640625,2.4591869873802352e-08,45.34959579845764,0.9942205554866791,4.8785224748826295e-08
mcVFA-af8-simple-ZS,4,40.931598099090216,0.9749033621406555,2.5886247811968133e-08,45.03206182406943,0.9936109532809257,5.24857810546564e-08
mcVFA-af8-simple-ZS,5,40.91303864876724,0.9752892795195579,2.5997106689601424e-08,45.053059433690834,0.9938843007488251,5.223263244147347e-08
mcVFA-af8-simple-ZS,6,41.112593573022636,0.9745894330396653,2.482959082783509e-08,45.07313659536017,0.9937630100331306,5.199171937420033e-08
mcVFA-af8-simple-ZS,7,41.29984936843157,0.975532210328579,2.378175878448019e-08,45.13935083593133,0.9936429627780914,5.120504908973089e-08
mcVFA-af8-simple-ZS,8,41.13089366277826,0.9746736690886021,2.472518545459934e-08,44.88287047195085,0.9932544215431214,5.432012883943571e-08
mcVFA-af8-simple-ZS,9,41.048775648273065,0.9741470536808967,2.5197145703259594e-08,44.85118553050725,0.9934670494933129,5.4717887110200536e-08
mcVFA-af8-simple-ZS,10,41.14381898113052,0.9739920410633087,2.465170823029439e-08,44.683512915016735,0.9932529046573639,5.687174109425541e-08
mcVFA-af8-simple-ZS,11,41.05713021689134,0.9737037628746033,2.5148722215817543e-08,44.67875383177499,0.9929676322875023,5.693409832474572e-08
mcVFA-af8-simple-ZS,12,41.01597461135153,0.9736592970879078,2.5388175117768697e-08,44.60904044886249,0.9928498427729606,5.7855391588645944e-08
mcVFA-af8-simple-ZS,13,40.95309587110856,0.9734157904472351,2.575842650287541e-08,44.55310044695202,0.9925559971756935,5.860542273694591e-08
mcVFA-af8-simple-ZS,14,40.981714595198106,0.9738096391127109,2.558924450113409e-08,44.48998308626724,0.9927120027434826,5.94633746686668e-08
mcVFA-af8-simple-ZS,15,40.85392708119385,0.9733360174953938,2.6353374593668377e-08,44.430856614975966,0.9924917905888557,6.027846666256664e-08
mcVFA-af8-simple-ZS,16,41.01114750360665,0.973213511852026,2.5416408533374124e-08,44.68279447044726,0.9924109065375328,5.6881155785504234e-08
mcVFA-af8-simple-ZS,17,40.8718527531087,0.9729788614227772,2.6244823203569467e-08,44.531600449924284,0.9922006044287681,5.889626919497459e-08
mcVFA-af8-simple-ZS,18,40.89023741955962,0.9727907261021137,2.613395722050882e-08,44.57637161698189,0.9924563615398407,5.8292229709877574e-08
mcVFA-af8-simple-ZS,19,40.952934097299156,0.9729247207775116,2.5759385735568685e-08,44.575872548527975,0.9923547952315808,5.829893012787579e-08
mcVFA-af8-simple-ZS,20,40.950350961741876,0.9730688873460293,2.577471214237903e-08,44.54924751062208,0.9924610819358826,5.865743801791723e-08
mcVFA-af8-simple-ZS,21,40.955146891096774,0.973428652935505,2.5746263787596035e-08,44.575469699209705,0.9924277797193527,5.8304337358094926e-08
mcVFA-af8-simple-ZS,22,40.91755693410403,0.9726837873158455,2.597007586757627e-08,44.4703359235288,0.9923550968699455,5.973299010975097e-08
mcVFA-af8-simple-ZS,23,40.91546245534903,0.9732665893719197,2.598260451236456e-08,44.494621403775405,0.9924045112359524,5.9399898333367673e-08
mcVFA-af8-simple-ZS,24,40.97663505613183,0.9729502754600048,2.5619193877446378e-08,44.59702431912347,0.9922557977166175,5.8015682924406065e-08
mcVFA-af8-simple-ZS,25,41.1009132830786,0.9728363980383873,2.4896460004697474e-08,44.57952350526355,0.9921792083933353,5.824994531167249e-08
mcVFA-af8-simple-ZS,26,41.215015820847405,0.973813517472744,2.4250869756770044e-08,44.70038663618609,0.992669032576561,5.665120994535755e-08
mcVFA-af8-simple-ZS,27,41.08128421082088,0.9728795389170647,2.5009240900430996e-08,44.764679502355975,0.9926526786708831,5.58187238652863e-08
mcVFA-af8-simple-ZS,28,41.251069437758126,0.9736036420259476,2.4050383018447974e-08,44.90244331886306,0.992855301267147,5.407586911587714e-08
mcVFA-af8-simple-ZS,29,41.43473179639895,0.9740564034533501,2.3054500530861333e-08,44.99879619557315,0.9931448761029243,5.2889348012286064e-08
mcVFA-af8-simple-ZS,30,41.54424317062278,0.9743537903490066,2.2480429962001836e-08,45.17911559986524,0.9934381317853928,5.0738343304601585e-08
mcVFA-af8-simple-ZS,31,41.52683070726985,0.9748632632718086,2.2570741720073784e-08,45.18908448471156,0.9937002892384529,5.062201324790294e-08
mcVFA-af8-simple-ZS,32,41.60997047051402,0.9743395007362365,2.214276761947076e-08,45.27618604445178,0.9936696512475014,4.961685817761463e-08
mcVFA-af8-simple-ZS,33,41.62834716764958,0.9740939289245606,2.2049269077228928e-08,45.42850585107098,0.9938173966193199,4.790680918631551e-08
mcVFA-af8-simple-ZS,34,41.63476266585356,0.9747554408178329,2.2016722667217437e-08,45.46310752109215,0.9939169418363571,4.752664040097443e-08
mcVFA-af8-simple-ZS,35,41.70611628947028,0.9749998624782562,2.165794832365009e-08,45.473529277717816,0.9939017295241356,4.741272618957737e-08
mcVFA-af8-simple-ZS,36,41.81814618423257,0.9760796897439956,2.1106407288584705e-08,45.692175919054264,0.994365773276329,4.508481055154334e-08
mcVFA-af8-simple-ZS,37,41.77525374017638,0.9759165172472,2.1315893050655177e-08,45.65960328462549,0.9943870693616867,4.5424222605561226e-08
mcVFA-af8-simple-ZS,38,41.86833831069187,0.9759747645835877,2.086387951294455e-08,45.752910220534524,0.9946916441440582,4.445870516178729e-08
mcVFA-af8-simple-ZS,39,42.010860148734366,0.9759278853664398,2.0190306315726048e-08,45.86642650492397,0.9947522840213776,4.331169378701816e-08
mcVFA-af8-simple-ZS,40,42.09134430745398,0.9760022403736115,1.9819584196056894e-08,46.14102222110422,0.9948835347623826,4.065796588292869e-08
mcVFA-af8-simple-ZS,41,41.758629063676196,0.9759098150177002,2.1397646321474895e-08,45.81667011316391,0.9945003072071076,4.3810764793761336e-08
mcVFA-af8-simple-ZS,42,41.82334747174612,0.9753075492448807,2.1081145717971594e-08,45.78019096852206,0.9942237450389863,4.418030741248913e-08
mcVFA-af8-simple-ZS,43,41.67252788773928,0.9750958829345703,2.1826100038424556e-08,45.693153270372726,0.9944733596773148,4.5074671106704045e-08
mcVFA-af8-simple-ZS,44,41.770021027546214,0.9751053289985657,2.134159160505078e-08,45.96886317670368,0.9945442044038773,4.230205874478088e-08
mcVFA-af8-simple-ZS,45,41.805225123586396,0.9756450251731873,2.1169295649769992e-08,46.002501434886575,0.994533203748703,4.1975674491823156e-08
mcVFA-af8-simple-ZS,46,41.87862781719288,0.9761739004793167,2.081450745095026e-08,46.167992326592284,0.9947267135267258,4.040625611878568e-08
mcVFA-af8-simple-ZS,47,42.04695203197516,0.9758604174747467,2.0023211533271024e-08,46.10843030504963,0.9948383111286163,4.096423111832337e-08
mcVFA-af8-simple-ZS,48,42.04616961474218,0.9764621538772583,2.0026817537655006e-08,46.17901852092443,0.9948600337619782,4.030379940900275e-08
mcVFA-af8-simple-ZS,49,42.10195205100544,0.9762192856397629,1.977122998653158e-08,46.39514206416828,0.9949518728580475,3.8347199193822235e-08
mcVFA-af8-simple-ZS,50,42.19563317332428,0.9762086456985474,1.934931503910775e-08,46.535224627362304,0.9950412061634064,3.7130035934751504e-08
mcVFA-af8-simple-ZS,51,42.131072337786044,0.9764289997129441,1.963910456481699e-08,46.49731229307365,0.9948481834220886,3.745558885270839e-08
mcVFA-af8-simple-ZS,52,42.21935602837369,0.9765475810804367,1.924390957697142e-08,46.539795793792614,0.9951302968397141,3.709097384785309e-08
mcVFA-af8-simple-ZS,53,42.258908301751,0.9766305063123703,1.9069446466346562e-08,46.800899757115886,0.9950849870853424,3.4926724623574046e-08
mcVFA-af8-simple-ZS,54,42.41372281378698,0.9774273655738831,1.840164465249927e-08,46.82473452299795,0.9953069977321625,3.4735567311372506e-08
mcVFA-af8-simple-ZS,55,42.24336694102686,0.9772104544239044,1.913780955931088e-08,46.741266814055955,0.9951833444318772,3.540961301951029e-08
mcVFA-af8-simple-ZS,56,42.29764999777572,0.9770519208621978,1.890009215799182e-08,46.78493168225175,0.9952332569980621,3.505537904402445e-08
mcVFA-af8-simple-ZS,57,42.296086161299286,0.9776530377407074,1.8906899157400403e-08,46.65832208281288,0.9952108424444198,3.6092387745156884e-08
mcVFA-af8-simple-ZS,58,42.346887656547835,0.9773596045389176,1.868702526053312e-08,46.796072504775125,0.9950745498161316,3.496556644222437e-08
mcVFA-af8-simple-ZS,59,42.31120926769293,0.9771125773601532,1.8841173954342594e-08,46.60389497353606,0.9950775349159241,3.654755431625745e-08
mcVFA-af8-simple-ZS,60,42.34106766947374,0.9769493874874114,1.8712084326466538e-08,46.469429280156305,0.9951236491594314,3.7696839427781015e-08
mcVFA-af8-simple-ZS,61,42.33551555103872,0.978171871477127,1.8736020734877457e-08,46.547104563599234,0.9951430051031113,3.702860595922175e-08
mcVFA-af8-simple-ZS,62,42.31875633935607,0.9780875255498886,1.8808464119501878e-08,46.4992018344052,0.99513928951931,3.743929255506373e-08
mcVFA-af8-simple-ZS,63,42.319073656639254,0.9789197933807373,1.8807085666594503e-08,46.527470594573266,0.9952625895423889,3.719638641541678e-08
mcVFA-af8-simple-ZS,64,42.34531204713421,0.9790173800964356,1.869380739094595e-08,46.41499940547831,0.9955227495355606,3.817226001956442e-08
mcVFA-af8-simple-ZS,65,42.33207413249458,0.9784178083705902,1.875087463076852e-08,46.52068632663071,0.9954438456335067,3.725453723291139e-08
mcVFA-af8-simple-ZS,66,42.356764281228685,0.9780130306015015,1.8644573884785132e-08,46.36653971983645,0.9953754108896256,3.8600582286107965e-08
mcVFA-af8-simple-ZS,67,42.37755423432537,0.977862819439888,1.8555535774567034e-08,46.49085642409308,0.9950738717756271,3.7511309614046695e-08
mcVFA-af8-simple-ZS,68,42.31452348109706,0.9781248060598373,1.8826801451155006e-08,46.53918448077141,0.9951736016483307,3.709619633696093e-08
mcVFA-af8-simple-ZS,69,42.32756183613293,0.9774336102962494,1.877036659436726e-08,46.47163252347133,0.9948827534914017,3.767771872276171e-08
mcVFA-af8-simple-ZS,70,40.37069360797219,0.9728021768407822,2.9455037520165206e-08,44.59883173433775,0.9914170092773438,5.7991542234958615e-08
mcVFA-af8-simple-ZS,71,40.54970848794141,0.9729332535734176,2.8265590756859638e-08,44.501571451714625,0.990799857093811,5.930491298045126e-08
mcVFA-af8-simple-ZS,72,40.616555745258964,0.973430251250267,2.7833854332470764e-08,44.739425173369476,0.9909259601955414,5.614425546696111e-08
mcVFA-af8-simple-ZS,73,40.60756313819715,0.9740920616989136,2.7891548626257645e-08,44.68900005161495,0.990944512673378,5.67999336453795e-08
mcVFA-af8-simple-ZS,74,40.52238558077968,0.9738419825181961,2.8443981392456408e-08,44.53578531125628,0.9910676809711456,5.8839543015665186e-08
mcVFA-af8-simple-ZS,75,40.53383067125141,0.974271039773941,2.8369118609816724e-08,44.637403121565946,0.9920201936039925,5.747877906969734e-08
mcVFA-af8-simple-ZS,76,40.635011993955374,0.9734201747512817,2.7715820749563136e-08,44.6521862323731,0.9921922507686615,5.7283457977064245e-08
mcVFA-af8-simple-ZS,77,40.84459347228896,0.9746172133989334,2.6410070574911515e-08,44.710361376265155,0.9923438802156448,5.652124457355967e-08
mcVFA-af8-simple-ZS,78,40.65398700637075,0.9735538142857552,2.7594989404633452e-08,44.53035347533023,0.9918218691296578,5.891318366479936e-08
mcVFA-af8-simple-ZS,79,40.67090043221942,0.9735557089509964,2.7487732978670465e-08,44.50774460466529,0.991683868642807,5.922068169184058e-08
mcVFA-af8-simple-ZS,80,40.75343471140372,0.9730493033494949,2.6970280231353172e-08,44.34178837185588,0.9912779666171074,6.152745868348575e-08
mcVFA-af8-simple-ZS,81,40.71801427715541,0.9729928958764076,2.719114533533684e-08,44.39307782187886,0.9910182602524757,6.080510672745731e-08
mcVFA-af8-simple-ZS,82,40.73123692926812,0.9730885553565025,2.710848434617219e-08,44.316350397219956,0.9907010697665215,6.188891177316691e-08
mcVFA-af8-simple-ZS,83,40.65810189950358,0.9731013892979622,2.7568855642812196e-08,44.32413559120529,0.9904409529337883,6.177806710638833e-08
mcVFA-af8-simple-ZS,84,40.693734103497945,0.9729945107247829,2.7343588726580492e-08,44.3218413734737,0.9905611131997109,6.18107023342418e-08
mcVFA-af8-simple-ZS,85,40.66693925218016,0.9727565264256001,2.7512813360885957e-08,44.22525766917671,0.9903792321031094,6.320072998278192e-08
mcVFA-af8-simple-ZS,86,40.73804037574821,0.9727371942703724,2.7066050733992597e-08,44.513615457511136,0.9906595356116294,5.9140678132507674e-08
mcVFA-af8-simple-ZS,87,40.656300537504755,0.972519041545391,2.7580291828144254e-08,44.376042988139666,0.9898478083662987,6.104407646034815e-08
mcVFA-af8-simple-ZS,88,40.63788900351052,0.972049643042326,2.7697465654341613e-08,44.41464808309151,0.9898984836866855,6.05038579237771e-08
mcVFA-af8-simple-ZS,89,40.751987815821735,0.97199257380867,2.6979266820603698e-08,44.4324377996966,0.9896788963241577,6.025652510288637e-08
mcVFA-af8-simple-ZS,90,40.66543903189004,0.9722159413948059,2.7522318646333588e-08,44.36894743910207,0.9896784560589791,6.114389350386773e-08
mcVFA-af8-simple-ZS,91,40.696545606118384,0.9728151699819565,2.7325892659746387e-08,44.427069929848585,0.9900274729852676,6.033104682501289e-08
mcVFA-af8-simple-ZS,92,40.670057716417496,0.9717584836740494,2.7493065601902344e-08,44.30190969682442,0.9897748743000031,6.209504022081092e-08
mcVFA-af8-simple-ZS,93,40.67501690831037,0.9721701806058883,2.746168803469118e-08,44.30163070139815,0.9896397984418869,6.209901926013117e-08
mcVFA-af8-simple-ZS,94,40.719807467737645,0.9718457401437759,2.717992231282551e-08,44.37146793921958,0.9897101080117225,6.110841610507123e-08
mcVFA-af8-simple-ZS,95,40.764834712500985,0.9722622180953026,2.6899577676431363e-08,44.46310587987842,0.9898214867043496,5.983251583074889e-08
mcVFA-af8-simple-ZS,96,40.890962922332875,0.9725588231873512,2.6129592711754412e-08,44.577661063875304,0.9904588528971672,5.8274927994261816e-08
mcVFA-af8-simple-ZS,97,40.751025344537766,0.971649165854454,2.698524781408196e-08,44.642048050476234,0.9904954719758033,5.7417334886622484e-08
mcVFA-af8-simple-ZS,98,40.908571638393155,0.9724117174768447,2.602386217631647e-08,44.596871803615585,0.9904510484228134,5.8017722182057696e-08
mcVFA-af8-simple-ZS,99,41.07655903881762,0.9728967114753723,2.5036465345351644e-08,44.81504079621985,0.9907323275046348,5.517517820408102e-08
mcVFA-af8-simple-ZS,100,41.16714723305458,0.9733329805555344,2.4519646757426017e-08,44.94472168154229,0.9911482329702377,5.3551993062228576e-08
mcVFA-af8-simple-ZS,101,41.22174925461108,0.9739404520044327,2.4213301585973568e-08,45.004104243645216,0.991621460216999,5.2824749019464434e-08
mcVFA-af8-simple-ZS,102,41.24423054009931,0.9734963350057602,2.4088283367973418e-08,45.02868620627304,0.9912236055560112,5.252659107668478e-08
mcVFA-af8-simple-ZS,103,41.276646989385775,0.9730991595783234,2.3909155544288296e-08,45.10439764702749,0.9913687242116929,5.161881944104607e-08
mcVFA-af8-simple-ZS,104,41.27486510860655,0.9735997218751907,2.3918968139469143e-08,45.14572367784886,0.991166816382885,5.112996248612944e-08
mcVFA-af8-simple-ZS,105,41.28212061075245,0.9738595663003922,2.3879040966789944e-08,45.085415683652094,0.9913696715574265,5.184492835041965e-08
mcVFA-af8-simple-ZS,106,41.445020637092085,0.9750323867664337,2.299994861232335e-08,45.358436006337044,0.9915328206443786,4.868601877205947e-08
mcVFA-af8-simple-ZS,107,41.33389953810098,0.9750857157688141,2.3596031795136696e-08,45.367608807517726,0.9918282033119201,4.858329560875063e-08
mcVFA-af8-simple-ZS,108,41.402311583132416,0.9751822440156936,2.3227247680779328e-08,45.3466049730574,0.9918478878641128,4.881882986751407e-08
mcVFA-af8-simple-ZS,109,41.55802013009022,0.9751564699268341,2.2409228250808155e-08,45.55356821050927,0.992172777970314,4.654692986605369e-08
mcVFA-af8-simple-ZS,110,41.6522111486323,0.9756898015174865,2.1928444837726602e-08,45.738747248428524,0.992857265335083,4.460392943883562e-08
mcVFA-af8-simple-ZS,111,41.20164124162496,0.9750624040641784,2.432566859056351e-08,45.224642600757576,0.9914781824264527,5.020923055099047e-08
mcVFA-af8-simple-ZS,112,41.23032511139523,0.9737208705482483,2.4165533574205256e-08,45.180936845777595,0.9897813468370438,5.0717073207806607e-08
mcVFA-af8-simple-ZS,113,41.32750146398447,0.973970756360054,2.363081819112267e-08,45.21739654643689,0.9900611885366439,5.029307459381016e-08
mcVFA-af8-simple-ZS,114,41.255396018806806,0.9730846618967056,2.402643417553918e-08,45.37136327983569,0.989632527926445,4.8541313191208246e-08
mcVFA-af8-simple-ZS,115,41.350391182291276,0.9738256585011482,2.350660111005709e-08,45.29842205610744,0.9894401994981765,4.9363464427187864e-08
mcVFA-af8-simple-ZS,116,41.42913817919307,0.9739444509496689,2.308421542807082e-08,45.632995210975686,0.9897727288980483,4.5703380635586655e-08
mcVFA-af8-simple-ZS,117,41.583563317008334,0.9745576396112442,2.2277816924543004e-08,45.45672595451849,0.9903506202659607,4.7596525831750114e-08
mcVFA-af8-simple-ZS,118,41.5628459422671,0.9755810347213745,2.2384341491488158e-08,45.66100747835745,0.9912807692089081,4.540954279264042e-08
mcVFA-af8-simple-ZS,119,41.66346293624301,0.97563466106987,2.187170444756248e-08,45.90981331526525,0.9913155016880035,4.28811617325664e-08
mcVFA-af8-simple-ZS,120,41.755931921604585,0.9757791082372665,2.1410940576060966e-08,45.92869857673895,0.9912515787258148,4.26950919063529e-08
mcVFA-af8-simple-ZS,121,41.72457199483066,0.9759505905151368,2.1566105345982578e-08,45.99614048067609,0.9920374648103714,4.203720038731262e-08
mcVFA-af8-simple-ZS,122,41.740682754903354,0.9754851910114288,2.148625100062418e-08,46.04846365523797,0.9922225610237122,4.153378085902659e-08
mcVFA-af8-simple-ZS,123,41.85953007012444,0.9758182864809036,2.0906238518136888e-08,46.283520559154,0.9923554925603867,3.934556502827036e-08
mcVFA-af8-simple-ZS,124,41.9709315484166,0.9750804808425904,2.0376788256726286e-08,46.2284805852478,0.9905058410940171,3.984738228268725e-08
mcVFA-af8-simple-ZS,125,41.82794699297449,0.9747782807912827,2.105882934699821e-08,46.27725452018771,0.9916865683889389,3.940237291999438e-08
mcVFA-af8-simple-ZS,126,41.83705134528043,0.9752164093132019,2.101472951210326e-08,46.25716626717736,0.9924496262865067,3.958504990464462e-08
mcVFA-af8-simple-ZS,127,41.967771807520066,0.9762796135673523,2.0391620836335278e-08,46.172342317100075,0.9927174761562347,4.0365804920838855e-08
mcVFA-af8-simple-ZS,128,41.998014346187915,0.976508303645134,2.0250114474151815e-08,46.2691549914037,0.9927930452251434,3.947592830400026e-08
mcVFA-af8-simple-ZS,129,41.89749748945688,0.9763255497312546,2.0724266747151887e-08,46.14879155954489,0.9929876616439819,4.058529157191515e-08
mcVFA-af8-simple-ZS,130,41.957394231108715,0.976546555513382,2.0440404924215727e-08,46.03494518563255,0.9930415912418366,4.166327016719151e-08
mcVFA-af8-simple-ZS,131,41.924111348853785,0.9757596054086686,2.0597656913423634e-08,45.89951572355142,0.9914212483510971,4.298295408489139e-08
mcVFA-af8-simple-ZS,132,41.93028594258241,0.9761123316392899,2.0568391434494515e-08,45.91328771877695,0.9897839813666344,4.2846867387424936e-08
mcVFA-af8-simple-ZS,133,41.89795093006751,0.9748401126098633,2.0722103144521498e-08,45.93487214341752,0.9889118284573555,4.2634447083855775e-08
mcVFA-af8-simple-ZS,134,41.907723831453524,0.9757138101053238,2.0675523515478744e-08,45.82546506919812,0.9899423023219108,4.372213169290262e-08
mcVFA-af8-simple-ZS,135,41.9700855200767,0.9752680571036338,2.0380760190619185e-08,45.92069177924097,0.9893732483491897,4.277388043760766e-08
mcVFA-af8-simple-ZS,136,41.92132909163455,0.9754400495519638,2.0610855244740378e-08,45.7538401632208,0.9908685581512451,4.4449187441841786e-08
mcVFA-af8-simple-ZS,137,41.92227931328864,0.9751062360105515,2.060634685108198e-08,45.81196006834256,0.9888133634719849,4.3858303655497366e-08
mcVFA-af8-simple-ZS,138,41.84948782498465,0.9751021009550095,2.0954637136583187e-08,45.91042397530383,0.9889910808668136,4.2875129224739794e-08
mcVFA-af8-simple-ZS,139,41.884890755718295,0.9756010936775208,2.0784513665716986e-08,45.80922563038146,0.9895805464076995,4.388592955706372e-08
